id,iso3,country,title,summary,event_type,severity_unit,severity_value,source,from_date,to_date,link,geo_lat,geo_long,gdacs_bbox
#event+id,#country+code,#country+name,#meta+title,#meta+summary,#event+type,#event+severity+unit,#event+severity+value,#meta+source,#date+start,#date+end,#meta+link,#geo+lat,#geo+lon,#geo+bbox
EQ1498040,JPN,Japan,"Green earthquake alert (Magnitude 5.5M, Depth:44.41km) in Japan 29/08/2025 16:29 UTC, 1.4 million in MMI IV.","On 8/29/2025 4:29:21 PM, an earthquake occurred in Japan potentially affecting 1.4 million in MMI IV. The earthquake had Magnitude 5.5M, Depth:44.41km.",Earthquake,M,5.5,Joint Research Center of the European Commission,"Fri, 29 Aug 2025 16:29:21 GMT","Fri, 29 Aug 2025 16:29:21 GMT",https://www.gdacs.org/report.aspx?eventtype=EQ&eventid=1498040,38.3686,142.1629,138.1629 146.1629 34.3686 42.3686
EQ1497866,USA,United States,"Green earthquake alert (Magnitude 5.9M, Depth:133.726km) in United States 28/08/2025 11:07 UTC, [unknown].","On 8/28/2025 11:07:48 AM, an earthquake occurred in United States potentially affecting [unknown]. The earthquake had Magnitude 5.9M, Depth:133.726km.",Earthquake,M,5.9,Joint Research Center of the European Commission,"Thu, 28 Aug 2025 11:07:48 GMT","Thu, 28 Aug 2025 11:07:48 GMT",https://www.gdacs.org/report.aspx?eventtype=EQ&eventid=1497866,52.0002,179.8605,175.8605 183.8605 48.0002 56.0002
TC1001202,VNM,"Viet Nam, China, Laos, Thailand",Green alert for tropical cyclone NONGFA-25. Population affected by Category 1 (120 km/h) wind speeds or higher is 0  (0 in Tropical Storm).,"From 28/08/2025 to 30/08/2025, a Tropical Storm (maximum wind speed of 74 km/h) NONGFA-25 was active in NWPacific. The cyclone affects these countries: Viet Nam, China, Laos, Thailand (vulnerability High). Estimated population affected by category 1 (120 km/h) wind speeds or higher is 0  (0 in tropical storm).",Tropical Cyclone,km/h,74.0736,Joint Research Center of the European Commission,"Thu, 28 Aug 2025 06:00:00 GMT","Sat, 30 Aug 2025 00:00:00 GMT",https://www.gdacs.org/report.aspx?eventtype=TC&eventid=1001202,17.5,108.2,93.8804682533644 119.880468253364 4.57758062737436 30.5775806273744
WF1024792,CAN,Canada,Green forest fire alert in Canada,"On 28/08/2025, a forest fire started in Canada,  until 29/08/2025.",Wildfire,ha,6079,Joint Research Center of the European Commission,"Thu, 28 Aug 2025 00:00:00 GMT","Fri, 29 Aug 2025 00:00:00 GMT",https://www.gdacs.org/report.aspx?eventtype=WF&eventid=1024792,63.537821492872141,-122.82048215832697,-126.820482158327 -118.820482158327 59.5378214928721 67.5378214928721
WF1024801,BRA,Brazil,Green forest fire alert in Brazil,"On 28/08/2025, a forest fire started in Brazil,  until 29/08/2025.",Wildfire,ha,5861,Joint Research Center of the European Commission,"Thu, 28 Aug 2025 00:00:00 GMT","Fri, 29 Aug 2025 00:00:00 GMT",https://www.gdacs.org/report.aspx?eventtype=WF&eventid=1024801,-11.331278747612046,-43.557107451865612,-47.5571074518656 -39.5571074518656 -15.331278747612 -7.33127874761205
WF1024802,AUS,Australia,Green forest fire alert in Australia,"On 28/08/2025, a forest fire started in Australia,  until 29/08/2025.",Wildfire,ha,6432,Joint Research Center of the European Commission,"Thu, 28 Aug 2025 00:00:00 GMT","Fri, 29 Aug 2025 00:00:00 GMT",https://www.gdacs.org/report.aspx?eventtype=WF&eventid=1024802,-21.298153201223126,130.75625798088458,126.756257980885 134.756257980885 -25.2981532012231 -17.2981532012231
WF1024785,AUS,Australia,Green forest fire alert in Australia,"On 28/08/2025, a forest fire started in Australia,  until 29/08/2025.",Wildfire,ha,13684,Joint Research Center of the European Commission,"Thu, 28 Aug 2025 00:00:00 GMT","Fri, 29 Aug 2025 00:00:00 GMT",https://www.gdacs.org/report.aspx?eventtype=WF&eventid=1024785,-17.29117548203579,130.36293160373972,126.36293160374 134.36293160374 -21.2911754820358 -13.2911754820358
FL1103468,COD,Democratic Republic of Congo,Green flood alert in Democratic Republic of Congo,"On 27/08/2025, a flood started in Democratic Republic of Congo, lasting until 27/08/2025 (last update). The flood caused 13 deaths and 0 displaced .",Flood,,0,Joint Research Center of the European Commission,"Wed, 27 Aug 2025 13:00:00 GMT","Wed, 27 Aug 2025 13:00:00 GMT",https://www.gdacs.org/report.aspx?eventtype=FL&eventid=1103468,-2.1065462,28.9186227,24.9186227 32.9186227 -6.1065462 1.8934538
EQ1497701,RUS,Russia,"Green earthquake alert (Magnitude 6M, Depth:53.408km) in Russia 27/08/2025 03:49 UTC, 4 thousand in MMI IV.","On 8/27/2025 3:49:51 AM, an earthquake occurred in Russia potentially affecting 4 thousand in MMI IV. The earthquake had Magnitude 6M, Depth:53.408km.",Earthquake,M,6,Joint Research Center of the European Commission,"Wed, 27 Aug 2025 03:49:51 GMT","Wed, 27 Aug 2025 03:49:51 GMT",https://www.gdacs.org/report.aspx?eventtype=EQ&eventid=1497701,50.8236,157.4965,153.4965 161.4965 46.8236 54.8236
WF1024778,ZMB,Zambia,Green forest fire alert in Zambia,"On 27/08/2025, a forest fire started in Zambia,  until 29/08/2025.",Wildfire,ha,6880,Joint Research Center of the European Commission,"Wed, 27 Aug 2025 00:00:00 GMT","Fri, 29 Aug 2025 00:00:00 GMT",https://www.gdacs.org/report.aspx?eventtype=WF&eventid=1024778,-9.6997520814342124,29.61025863985877,25.6102586398588 33.6102586398588 -13.6997520814342 -5.69975208143421
WF1024793,AUS,Australia,Green forest fire alert in Australia,"On 27/08/2025, a forest fire started in Australia,  until 29/08/2025.",Wildfire,ha,5360,Joint Research Center of the European Commission,"Wed, 27 Aug 2025 00:00:00 GMT","Fri, 29 Aug 2025 00:00:00 GMT",https://www.gdacs.org/report.aspx?eventtype=WF&eventid=1024793,-18.725926558617871,131.28680725139986,127.2868072514 135.2868072514 -22.7259265586179 -14.7259265586179
EQ1497555,FJI,Fiji,"Green earthquake alert (Magnitude 5.6M, Depth:589.068km) in Fiji 26/08/2025 01:32 UTC, 30 thousand in MMI I.","On 8/26/2025 1:32:48 AM, an earthquake occurred in Fiji potentially affecting 30 thousand in MMI I. The earthquake had Magnitude 5.6M, Depth:589.068km.",Earthquake,M,5.6,Joint Research Center of the European Commission,"Tue, 26 Aug 2025 01:32:48 GMT","Tue, 26 Aug 2025 01:32:48 GMT",https://www.gdacs.org/report.aspx?eventtype=EQ&eventid=1497555,-17.8642,-178.5457,-182.5457 -174.5457 -21.8642 -13.8642
WF1024761,MOZ,Mozambique,Green forest fire alert in Mozambique,"On 26/08/2025, a forest fire started in Mozambique,  until 28/08/2025.",Wildfire,ha,5625,Joint Research Center of the European Commission,"Tue, 26 Aug 2025 00:00:00 GMT","Thu, 28 Aug 2025 00:00:00 GMT",https://www.gdacs.org/report.aspx?eventtype=WF&eventid=1024761,-14.737224280137594,37.919118830932149,33.9191188309321 41.9191188309321 -18.7372242801376 -10.7372242801376
WF1024794,ZMB,Zambia,Green forest fire alert in Zambia,"On 26/08/2025, a forest fire started in Zambia,  until 29/08/2025.",Wildfire,ha,7628,Joint Research Center of the European Commission,"Tue, 26 Aug 2025 00:00:00 GMT","Fri, 29 Aug 2025 00:00:00 GMT",https://www.gdacs.org/report.aspx?eventtype=WF&eventid=1024794,-9.9698952756729629,29.826395836032219,25.8263958360322 33.8263958360322 -13.969895275673 -5.96989527567296
WF1024790,CAN,Canada,Green forest fire alert in Canada,"On 26/08/2025, a forest fire started in Canada,  until 29/08/2025.",Wildfire,ha,5766,Joint Research Center of the European Commission,"Tue, 26 Aug 2025 00:00:00 GMT","Fri, 29 Aug 2025 00:00:00 GMT",https://www.gdacs.org/report.aspx?eventtype=WF&eventid=1024790,61.57692461855013,-117.39119787667236,-121.391197876672 -113.391197876672 57.5769246185501 65.5769246185501
WF1024786,AUS,Australia,Green forest fire alert in Australia,"On 26/08/2025, a forest fire started in Australia,  until 29/08/2025.",Wildfire,ha,8937,Joint Research Center of the European Commission,"Tue, 26 Aug 2025 00:00:00 GMT","Fri, 29 Aug 2025 00:00:00 GMT",https://www.gdacs.org/report.aspx?eventtype=WF&eventid=1024786,-17.071898634429758,122.71225700042572,118.712257000426 126.712257000426 -21.0718986344298 -13.0718986344298
WF1024787,AUS,Australia,Green forest fire alert in Australia,"On 26/08/2025, a forest fire started in Australia,  until 29/08/2025.",Wildfire,ha,6481,Joint Research Center of the European Commission,"Tue, 26 Aug 2025 00:00:00 GMT","Fri, 29 Aug 2025 00:00:00 GMT",https://www.gdacs.org/report.aspx?eventtype=WF&eventid=1024787,-16.547025197089287,122.91621126158429,118.916211261584 126.916211261584 -20.5470251970893 -12.5470251970893
FL1103467,LAO,Laos,Green flood alert in Laos,"On 25/08/2025, a flood started in Laos, lasting until 27/08/2025 (last update). The flood caused 0 deaths and 0 displaced .",Flood,,0,Joint Research Center of the European Commission,"Mon, 25 Aug 2025 01:00:00 GMT","Wed, 27 Aug 2025 01:00:00 GMT",https://www.gdacs.org/report.aspx?eventtype=FL&eventid=1103467,18.9858239,103.652962951967,99.652962951967 107.652962951967 14.9858239 22.9858239
WF1024748,AUS,Australia,Green forest fire alert in Australia,"On 25/08/2025, a forest fire started in Australia,  until 28/08/2025.",Wildfire,ha,5947,Joint Research Center of the European Commission,"Mon, 25 Aug 2025 00:00:00 GMT","Thu, 28 Aug 2025 00:00:00 GMT",https://www.gdacs.org/report.aspx?eventtype=WF&eventid=1024748,-13.835782471084581,142.62904605064858,138.629046050649 146.629046050649 -17.8357824710846 -9.83578247108458
WF1024779,MOZ,Mozambique,Green forest fire alert in Mozambique,"On 25/08/2025, a forest fire started in Mozambique,  until 29/08/2025.",Wildfire,ha,6324,Joint Research Center of the European Commission,"Mon, 25 Aug 2025 00:00:00 GMT","Fri, 29 Aug 2025 00:00:00 GMT",https://www.gdacs.org/report.aspx?eventtype=WF&eventid=1024779,-13.587725342411625,39.154144501602538,35.1541445016025 43.1541445016025 -17.5877253424116 -9.58772534241163
WF1024762,MOZ,Mozambique,Green forest fire alert in Mozambique,"On 25/08/2025, a forest fire started in Mozambique,  until 29/08/2025.",Wildfire,ha,6380,Joint Research Center of the European Commission,"Mon, 25 Aug 2025 00:00:00 GMT","Fri, 29 Aug 2025 00:00:00 GMT",https://www.gdacs.org/report.aspx?eventtype=WF&eventid=1024762,-12.153998579690539,36.694728167057427,32.6947281670574 40.6947281670574 -16.1539985796905 -8.15399857969054
WF1024740,AUS,Australia,Green forest fire alert in Australia,"On 25/08/2025, a forest fire started in Australia,  until 29/08/2025.",Wildfire,ha,14388,Joint Research Center of the European Commission,"Mon, 25 Aug 2025 00:00:00 GMT","Fri, 29 Aug 2025 00:00:00 GMT",https://www.gdacs.org/report.aspx?eventtype=WF&eventid=1024740,-13.798718514922957,142.40322165855667,138.403221658557 146.403221658557 -17.798718514923 -9.79871851492296
WF1024747,USA,United States,Green forest fire alert in United States,"On 25/08/2025, a forest fire started in United States,  until 29/08/2025.",Wildfire,ha,10946,Joint Research Center of the European Commission,"Mon, 25 Aug 2025 00:00:00 GMT","Fri, 29 Aug 2025 00:00:00 GMT",https://www.gdacs.org/report.aspx?eventtype=WF&eventid=1024747,43.45684953163871,-122.29664294730674,-126.296642947307 -118.296642947307 39.4568495316387 47.4568495316387
WF1024749,AUS,Australia,Green forest fire alert in Australia,"On 25/08/2025, a forest fire started in Australia,  until 29/08/2025.",Wildfire,ha,11067,Joint Research Center of the European Commission,"Mon, 25 Aug 2025 00:00:00 GMT","Fri, 29 Aug 2025 00:00:00 GMT",https://www.gdacs.org/report.aspx?eventtype=WF&eventid=1024749,-13.732279841579997,142.71290446613062,138.712904466131 146.712904466131 -17.73227984158 -9.73227984158
TC1001201,,,Green alert for tropical cyclone JULIETTE-25. Population affected by Category 1 (120 km/h) wind speeds or higher is 0  (0 in Tropical Storm).,"From 24/08/2025 to 28/08/2025, a Tropical Depression (maximum wind speed of 111 km/h) JULIETTE-25 was active in EastPacific. The cyclone affects these countries: [unknown] (vulnerability [unknown]). Estimated population affected by category 1 (120 km/h) wind speeds or higher is 0  (0 in tropical storm).",Tropical Cyclone,km/h,111.1104,Joint Research Center of the European Commission,"Sun, 24 Aug 2025 21:00:00 GMT","Thu, 28 Aug 2025 09:00:00 GMT",https://www.gdacs.org/report.aspx?eventtype=TC&eventid=1001201,25.4,-120.8,-129.724009424995 -103.724009424995 6.96879070073198 32.968790700732
FL1103466,MMR,Myanmar,Green flood alert in Myanmar,"On 24/08/2025, a flood started in Myanmar, lasting until 26/08/2025 (last update). The flood caused 0 deaths and 300 displaced .",Flood,,0,Joint Research Center of the European Commission,"Sun, 24 Aug 2025 01:00:00 GMT","Tue, 26 Aug 2025 01:00:00 GMT",https://www.gdacs.org/report.aspx?eventtype=FL&eventid=1103466,19.4662005,95.6019621,91.6019621 99.6019621 15.4662005 23.4662005
WF1024764,MOZ,Mozambique,Green forest fire alert in Mozambique,"On 24/08/2025, a forest fire started in Mozambique,  until 28/08/2025.",Wildfire,ha,5473,Joint Research Center of the European Commission,"Sun, 24 Aug 2025 00:00:00 GMT","Thu, 28 Aug 2025 00:00:00 GMT",https://www.gdacs.org/report.aspx?eventtype=WF&eventid=1024764,-14.623073790849766,38.176164560683894,34.1761645606839 42.1761645606839 -18.6230737908498 -10.6230737908498
WF1024736,BRA,Brazil,Green forest fire alert in Brazil,"On 24/08/2025, a forest fire started in Brazil,  until 28/08/2025.",Wildfire,ha,8230,Joint Research Center of the European Commission,"Sun, 24 Aug 2025 00:00:00 GMT","Thu, 28 Aug 2025 00:00:00 GMT",https://www.gdacs.org/report.aspx?eventtype=WF&eventid=1024736,-11.610768152433547,-46.306376451179,-50.306376451179 -42.306376451179 -15.6107681524335 -7.61076815243355
WF1024765,MOZ,Mozambique,Green forest fire alert in Mozambique,"On 24/08/2025, a forest fire started in Mozambique,  until 27/08/2025.",Wildfire,ha,5297,Joint Research Center of the European Commission,"Sun, 24 Aug 2025 00:00:00 GMT","Wed, 27 Aug 2025 00:00:00 GMT",https://www.gdacs.org/report.aspx?eventtype=WF&eventid=1024765,-14.382117902869737,37.984871619373536,33.9848716193735 41.9848716193735 -18.3821179028697 -10.3821179028697
WF1024763,MOZ,Mozambique,Green forest fire alert in Mozambique,"On 24/08/2025, a forest fire started in Mozambique,  until 29/08/2025.",Wildfire,ha,6553,Joint Research Center of the European Commission,"Sun, 24 Aug 2025 00:00:00 GMT","Fri, 29 Aug 2025 00:00:00 GMT",https://www.gdacs.org/report.aspx?eventtype=WF&eventid=1024763,-18.340356806256672,33.407939894145336,29.4079398941453 37.4079398941453 -22.3403568062567 -14.3403568062567
WF1024766,ZMB,Zambia,Green forest fire alert in Zambia,"On 24/08/2025, a forest fire started in Zambia,  until 29/08/2025.",Wildfire,ha,9449,Joint Research Center of the European Commission,"Sun, 24 Aug 2025 00:00:00 GMT","Fri, 29 Aug 2025 00:00:00 GMT",https://www.gdacs.org/report.aspx?eventtype=WF&eventid=1024766,-10.432425059636492,29.536785562424569,25.5367855624246 33.5367855624246 -14.4324250596365 -6.43242505963649
WF1024780,TZA,Tanzania,Green forest fire alert in Tanzania,"On 24/08/2025, a forest fire started in Tanzania,  until 29/08/2025.",Wildfire,ha,9661,Joint Research Center of the European Commission,"Sun, 24 Aug 2025 00:00:00 GMT","Fri, 29 Aug 2025 00:00:00 GMT",https://www.gdacs.org/report.aspx?eventtype=WF&eventid=1024780,-6.099539017536368,29.92789628713194,25.9278962871319 33.9278962871319 -10.0995390175364 -2.09953901753637
WF1024781,MOZ,Mozambique,Green forest fire alert in Mozambique,"On 24/08/2025, a forest fire started in Mozambique,  until 29/08/2025.",Wildfire,ha,9960,Joint Research Center of the European Commission,"Sun, 24 Aug 2025 00:00:00 GMT","Fri, 29 Aug 2025 00:00:00 GMT",https://www.gdacs.org/report.aspx?eventtype=WF&eventid=1024781,-14.398851578502963,37.967214738150055,33.9672147381501 41.9672147381501 -18.398851578503 -10.398851578503
WF1024788,BRA,Brazil,Green forest fire alert in Brazil,"On 24/08/2025, a forest fire started in Brazil,  until 29/08/2025.",Wildfire,ha,5602,Joint Research Center of the European Commission,"Sun, 24 Aug 2025 00:00:00 GMT","Fri, 29 Aug 2025 00:00:00 GMT",https://www.gdacs.org/report.aspx?eventtype=WF&eventid=1024788,-13.617359699661192,-48.195085585718637,-52.1950855857186 -44.1950855857186 -17.6173596996612 -9.61735969966119
WF1024759,BRA,Brazil,Green forest fire alert in Brazil,"On 24/08/2025, a forest fire started in Brazil,  until 28/08/2025.",Wildfire,ha,5401,Joint Research Center of the European Commission,"Sun, 24 Aug 2025 00:00:00 GMT","Thu, 28 Aug 2025 00:00:00 GMT",https://www.gdacs.org/report.aspx?eventtype=WF&eventid=1024759,-10.768851163077596,-47.078303069692574,-51.0783030696926 -43.0783030696926 -14.7688511630776 -6.7688511630776
WF1024777,USA,United States,Green forest fire alert in United States,"On 24/08/2025, a forest fire started in United States,  until 29/08/2025.",Wildfire,ha,7673,Joint Research Center of the European Commission,"Sun, 24 Aug 2025 00:00:00 GMT","Fri, 29 Aug 2025 00:00:00 GMT",https://www.gdacs.org/report.aspx?eventtype=WF&eventid=1024777,36.907355405153737,-119.04072053921115,-123.040720539211 -115.040720539211 32.9073554051537 40.9073554051537
WF1024795,ZMB,Zambia,Green forest fire alert in Zambia,"On 24/08/2025, a forest fire started in Zambia,  until 29/08/2025.",Wildfire,ha,5612,Joint Research Center of the European Commission,"Sun, 24 Aug 2025 00:00:00 GMT","Fri, 29 Aug 2025 00:00:00 GMT",https://www.gdacs.org/report.aspx?eventtype=WF&eventid=1024795,-10.70869509069513,30.879155047676534,26.8791550476765 34.8791550476765 -14.7086950906951 -6.70869509069513
WF1024796,MOZ,Mozambique,Green forest fire alert in Mozambique,"On 24/08/2025, a forest fire started in Mozambique,  until 29/08/2025.",Wildfire,ha,5769,Joint Research Center of the European Commission,"Sun, 24 Aug 2025 00:00:00 GMT","Fri, 29 Aug 2025 00:00:00 GMT",https://www.gdacs.org/report.aspx?eventtype=WF&eventid=1024796,-14.542322686348271,37.689625419924077,33.6896254199241 41.6896254199241 -18.5423226863483 -10.5423226863483
WF1024797,ZMB,Zambia,Green forest fire alert in Zambia,"On 24/08/2025, a forest fire started in Zambia,  until 29/08/2025.",Wildfire,ha,5930,Joint Research Center of the European Commission,"Sun, 24 Aug 2025 00:00:00 GMT","Fri, 29 Aug 2025 00:00:00 GMT",https://www.gdacs.org/report.aspx?eventtype=WF&eventid=1024797,-10.362486040239862,29.655372425367727,25.6553724253677 33.6553724253677 -14.3624860402399 -6.36248604023986
WF1024798,CAN,Canada,Green forest fire alert in Canada,"On 24/08/2025, a forest fire started in Canada,  until 29/08/2025.",Wildfire,ha,7329,Joint Research Center of the European Commission,"Sun, 24 Aug 2025 00:00:00 GMT","Fri, 29 Aug 2025 00:00:00 GMT",https://www.gdacs.org/report.aspx?eventtype=WF&eventid=1024798,62.189121177634767,-117.07466788628489,-121.074667886285 -113.074667886285 58.1891211776348 66.1891211776348
TC1001200,,,Green alert for tropical cyclone FERNAND-25. Population affected by Category 1 (120 km/h) wind speeds or higher is 0  (0 in Tropical Storm).,"From 23/08/2025 to 28/08/2025, a Tropical Storm (maximum wind speed of 93 km/h) FERNAND-25 was active in Atlantic. The cyclone affects these countries: [unknown] (vulnerability [unknown]). Estimated population affected by category 1 (120 km/h) wind speeds or higher is 0  (0 in tropical storm).",Tropical Cyclone,km/h,92.592,Joint Research Center of the European Commission,"Sat, 23 Aug 2025 21:00:00 GMT","Thu, 28 Aug 2025 09:00:00 GMT",https://www.gdacs.org/report.aspx?eventtype=TC&eventid=1001200,41.2,-42.9,-63.0603973992123 -37.0603973992123 24.1910845559232 50.1910845559232
WF1024750,BRA,Brazil,Green forest fire alert in Brazil,"On 23/08/2025, a forest fire started in Brazil,  until 29/08/2025.",Wildfire,ha,23010,Joint Research Center of the European Commission,"Sat, 23 Aug 2025 00:00:00 GMT","Fri, 29 Aug 2025 00:00:00 GMT",https://www.gdacs.org/report.aspx?eventtype=WF&eventid=1024750,-12.790769169017587,-48.14535772207276,-52.1453577220728 -44.1453577220728 -16.7907691690176 -8.79076916901759
WF1024741,BRA,Brazil,Green forest fire alert in Brazil,"On 23/08/2025, a forest fire started in Brazil,  until 29/08/2025.",Wildfire,ha,18822,Joint Research Center of the European Commission,"Sat, 23 Aug 2025 00:00:00 GMT","Fri, 29 Aug 2025 00:00:00 GMT",https://www.gdacs.org/report.aspx?eventtype=WF&eventid=1024741,-13.484535646954916,-46.887766151333373,-50.8877661513334 -42.8877661513334 -17.4845356469549 -9.48453564695492
WF1024767,ZMB,Zambia,Green forest fire alert in Zambia,"On 23/08/2025, a forest fire started in Zambia,  until 29/08/2025.",Wildfire,ha,7856,Joint Research Center of the European Commission,"Sat, 23 Aug 2025 00:00:00 GMT","Fri, 29 Aug 2025 00:00:00 GMT",https://www.gdacs.org/report.aspx?eventtype=WF&eventid=1024767,-10.807315105427589,29.295083451703363,25.2950834517034 33.2950834517034 -14.8073151054276 -6.80731510542759
WF1024768,CAN,Canada,Green forest fire alert in Canada,"On 23/08/2025, a forest fire started in Canada,  until 29/08/2025.",Wildfire,ha,6878,Joint Research Center of the European Commission,"Sat, 23 Aug 2025 00:00:00 GMT","Fri, 29 Aug 2025 00:00:00 GMT",https://www.gdacs.org/report.aspx?eventtype=WF&eventid=1024768,63.002046126415351,-117.37207204364887,-121.372072043649 -113.372072043649 59.0020461264154 67.0020461264154
WF1024769,ZMB,Zambia,Green forest fire alert in Zambia,"On 23/08/2025, a forest fire started in Zambia,  until 29/08/2025.",Wildfire,ha,8792,Joint Research Center of the European Commission,"Sat, 23 Aug 2025 00:00:00 GMT","Fri, 29 Aug 2025 00:00:00 GMT",https://www.gdacs.org/report.aspx?eventtype=WF&eventid=1024769,-11.028464412001982,28.716294033392582,24.7162940333926 32.7162940333926 -15.028464412002 -7.02846441200198
WF1024757,AUS,Australia,Green forest fire alert in Australia,"On 23/08/2025, a forest fire started in Australia,  until 29/08/2025.",Wildfire,ha,14098,Joint Research Center of the European Commission,"Sat, 23 Aug 2025 00:00:00 GMT","Fri, 29 Aug 2025 00:00:00 GMT",https://www.gdacs.org/report.aspx?eventtype=WF&eventid=1024757,-19.904662311301291,129.596005216597,125.596005216597 133.596005216597 -23.9046623113013 -15.9046623113013
WF1024774,AUS,Australia,Green forest fire alert in Australia,"On 23/08/2025, a forest fire started in Australia,  until 29/08/2025.",Wildfire,ha,7733,Joint Research Center of the European Commission,"Sat, 23 Aug 2025 00:00:00 GMT","Fri, 29 Aug 2025 00:00:00 GMT",https://www.gdacs.org/report.aspx?eventtype=WF&eventid=1024774,-17.337072800451512,122.75679411243276,118.756794112433 126.756794112433 -21.3370728004515 -13.3370728004515
WF1024791,CAN,Canada,Green forest fire alert in Canada,"On 23/08/2025, a forest fire started in Canada,  until 29/08/2025.",Wildfire,ha,5753,Joint Research Center of the European Commission,"Sat, 23 Aug 2025 00:00:00 GMT","Fri, 29 Aug 2025 00:00:00 GMT",https://www.gdacs.org/report.aspx?eventtype=WF&eventid=1024791,62.1206060211738,-112.86564277987996,-116.86564277988 -108.86564277988 58.1206060211738 66.1206060211738
WF1024803,BRA,Brazil,Green forest fire alert in Brazil,"On 23/08/2025, a forest fire started in Brazil,  until 29/08/2025.",Wildfire,ha,5370,Joint Research Center of the European Commission,"Sat, 23 Aug 2025 00:00:00 GMT","Fri, 29 Aug 2025 00:00:00 GMT",https://www.gdacs.org/report.aspx?eventtype=WF&eventid=1024803,-10.794923247709672,-46.4028606321015,-50.4028606321015 -42.4028606321015 -14.7949232477097 -6.79492324770967
WF1024760,BRA,Brazil,Green forest fire alert in Brazil,"On 23/08/2025, a forest fire started in Brazil,  until 27/08/2025.",Wildfire,ha,5070,Joint Research Center of the European Commission,"Sat, 23 Aug 2025 00:00:00 GMT","Wed, 27 Aug 2025 00:00:00 GMT",https://www.gdacs.org/report.aspx?eventtype=WF&eventid=1024760,-15.079653907434443,-48.68296401769674,-52.6829640176967 -44.6829640176967 -19.0796539074344 -11.0796539074344
WF1024729,AUS,Australia,Green forest fire alert in Australia,"On 23/08/2025, a forest fire started in Australia,  until 27/08/2025.",Wildfire,ha,6431,Joint Research Center of the European Commission,"Sat, 23 Aug 2025 00:00:00 GMT","Wed, 27 Aug 2025 00:00:00 GMT",https://www.gdacs.org/report.aspx?eventtype=WF&eventid=1024729,-16.729708137383973,135.47170885888997,131.47170885889 139.47170885889 -20.729708137384 -12.729708137384
WF1024782,MOZ,Mozambique,Green forest fire alert in Mozambique,"On 23/08/2025, a forest fire started in Mozambique,  until 28/08/2025.",Wildfire,ha,5048,Joint Research Center of the European Commission,"Sat, 23 Aug 2025 00:00:00 GMT","Thu, 28 Aug 2025 00:00:00 GMT",https://www.gdacs.org/report.aspx?eventtype=WF&eventid=1024782,-14.539811681187672,38.325944999355229,34.3259449993552 42.3259449993552 -18.5398116811877 -10.5398116811877
WF1024703,AUS,Australia,Green forest fire alert in Australia,"On 23/08/2025, a forest fire started in Australia,  until 26/08/2025.",Wildfire,ha,6342,Joint Research Center of the European Commission,"Sat, 23 Aug 2025 00:00:00 GMT","Tue, 26 Aug 2025 00:00:00 GMT",https://www.gdacs.org/report.aspx?eventtype=WF&eventid=1024703,-17.203053885764536,122.68662613962076,118.686626139621 126.686626139621 -21.2030538857645 -13.2030538857645
WF1024704,USA,United States,Green forest fire alert in United States,"On 22/08/2025, a forest fire started in United States,  until 26/08/2025.",Wildfire,ha,8198,Joint Research Center of the European Commission,"Fri, 22 Aug 2025 00:00:00 GMT","Tue, 26 Aug 2025 00:00:00 GMT",https://www.gdacs.org/report.aspx?eventtype=WF&eventid=1024704,43.323157223892771,-109.95392375305259,-113.953923753053 -105.953923753053 39.3231572238928 47.3231572238928
WF1024727,MOZ,Mozambique,Green forest fire alert in Mozambique,"On 22/08/2025, a forest fire started in Mozambique,  until 26/08/2025.",Wildfire,ha,5893,Joint Research Center of the European Commission,"Fri, 22 Aug 2025 00:00:00 GMT","Tue, 26 Aug 2025 00:00:00 GMT",https://www.gdacs.org/report.aspx?eventtype=WF&eventid=1024727,-23.468457183398797,32.139203434510556,28.1392034345106 36.1392034345106 -27.4684571833988 -19.4684571833988
WF1024783,MOZ,Mozambique,Green forest fire alert in Mozambique,"On 22/08/2025, a forest fire started in Mozambique,  until 28/08/2025.",Wildfire,ha,5003,Joint Research Center of the European Commission,"Fri, 22 Aug 2025 00:00:00 GMT","Thu, 28 Aug 2025 00:00:00 GMT",https://www.gdacs.org/report.aspx?eventtype=WF&eventid=1024783,-12.926076763076955,39.102879996048863,35.1028799960489 43.1028799960489 -16.926076763077 -8.92607676307695
WF1024721,AUS,Australia,Green forest fire alert in Australia,"On 22/08/2025, a forest fire started in Australia,  until 27/08/2025.",Wildfire,ha,8490,Joint Research Center of the European Commission,"Fri, 22 Aug 2025 00:00:00 GMT","Wed, 27 Aug 2025 00:00:00 GMT",https://www.gdacs.org/report.aspx?eventtype=WF&eventid=1024721,-16.881951954394783,135.52048163828476,131.520481638285 139.520481638285 -20.8819519543948 -12.8819519543948
WF1024799,ZMB,Zambia,Green forest fire alert in Zambia,"On 22/08/2025, a forest fire started in Zambia,  until 29/08/2025.",Wildfire,ha,6499,Joint Research Center of the European Commission,"Fri, 22 Aug 2025 00:00:00 GMT","Fri, 29 Aug 2025 00:00:00 GMT",https://www.gdacs.org/report.aspx?eventtype=WF&eventid=1024799,-9.5531489263593254,30.000578335298041,26.000578335298 34.000578335298 -13.5531489263593 -5.55314892635933
WF1024789,AUS,Australia,Green forest fire alert in Australia,"On 22/08/2025, a forest fire started in Australia,  until 29/08/2025.",Wildfire,ha,7249,Joint Research Center of the European Commission,"Fri, 22 Aug 2025 00:00:00 GMT","Fri, 29 Aug 2025 00:00:00 GMT",https://www.gdacs.org/report.aspx?eventtype=WF&eventid=1024789,-17.262717940148633,128.11744384341409,124.117443843414 132.117443843414 -21.2627179401486 -13.2627179401486
WF1024743,AUS,Australia,Green forest fire alert in Australia,"On 22/08/2025, a forest fire started in Australia,  until 29/08/2025.",Wildfire,ha,8076,Joint Research Center of the European Commission,"Fri, 22 Aug 2025 00:00:00 GMT","Fri, 29 Aug 2025 00:00:00 GMT",https://www.gdacs.org/report.aspx?eventtype=WF&eventid=1024743,-12.829863748829194,142.09295524066013,138.09295524066 146.09295524066 -16.8298637488292 -8.82986374882919
WF1024722,AUS,Australia,Green forest fire alert in Australia,"On 22/08/2025, a forest fire started in Australia,  until 29/08/2025.",Wildfire,ha,57296,Joint Research Center of the European Commission,"Fri, 22 Aug 2025 00:00:00 GMT","Fri, 29 Aug 2025 00:00:00 GMT",https://www.gdacs.org/report.aspx?eventtype=WF&eventid=1024722,-17.440532807378034,130.42058090544984,126.42058090545 134.42058090545 -21.440532807378 -13.440532807378
WF1024744,AUS,Australia,Green forest fire alert in Australia,"On 21/08/2025, a forest fire started in Australia,  until 29/08/2025.",Wildfire,ha,11973,Joint Research Center of the European Commission,"Thu, 21 Aug 2025 00:00:00 GMT","Fri, 29 Aug 2025 00:00:00 GMT",https://www.gdacs.org/report.aspx?eventtype=WF&eventid=1024744,-18.083273681210514,128.17088352330779,124.170883523308 132.170883523308 -22.0832736812105 -14.0832736812105
WF1024751,BRA,Brazil,Green forest fire alert in Brazil,"On 21/08/2025, a forest fire started in Brazil,  until 29/08/2025.",Wildfire,ha,6935,Joint Research Center of the European Commission,"Thu, 21 Aug 2025 00:00:00 GMT","Fri, 29 Aug 2025 00:00:00 GMT",https://www.gdacs.org/report.aspx?eventtype=WF&eventid=1024751,-9.1808225740259175,-60.801881011082187,-64.8018810110822 -56.8018810110822 -13.1808225740259 -5.18082257402592
WF1024752,BRA,Brazil,Green forest fire alert in Brazil,"On 21/08/2025, a forest fire started in Brazil,  until 29/08/2025.",Wildfire,ha,7737,Joint Research Center of the European Commission,"Thu, 21 Aug 2025 00:00:00 GMT","Fri, 29 Aug 2025 00:00:00 GMT",https://www.gdacs.org/report.aspx?eventtype=WF&eventid=1024752,-11.121433910484543,-44.761209549485706,-48.7612095494857 -40.7612095494857 -15.1214339104845 -7.12143391048454
WF1024754,ZMB,Zambia,Green forest fire alert in Zambia,"On 21/08/2025, a forest fire started in Zambia,  until 29/08/2025.",Wildfire,ha,6456,Joint Research Center of the European Commission,"Thu, 21 Aug 2025 00:00:00 GMT","Fri, 29 Aug 2025 00:00:00 GMT",https://www.gdacs.org/report.aspx?eventtype=WF&eventid=1024754,-14.133759894135984,26.122292920097625,22.1222929200976 30.1222929200976 -18.133759894136 -10.133759894136
WF1024772,ZMB,Zambia,Green forest fire alert in Zambia,"On 21/08/2025, a forest fire started in Zambia,  until 29/08/2025.",Wildfire,ha,7852,Joint Research Center of the European Commission,"Thu, 21 Aug 2025 00:00:00 GMT","Fri, 29 Aug 2025 00:00:00 GMT",https://www.gdacs.org/report.aspx?eventtype=WF&eventid=1024772,-10.587889693435597,29.019153462217506,25.0191534622175 33.0191534622175 -14.5878896934356 -6.5878896934356
WF1024737,AUS,Australia,Green forest fire alert in Australia,"On 21/08/2025, a forest fire started in Australia,  until 27/08/2025.",Wildfire,ha,6827,Joint Research Center of the European Commission,"Thu, 21 Aug 2025 00:00:00 GMT","Wed, 27 Aug 2025 00:00:00 GMT",https://www.gdacs.org/report.aspx?eventtype=WF&eventid=1024737,-16.135643103633406,128.0154459364154,124.015445936415 132.015445936415 -20.1356431036334 -12.1356431036334
WF1024770,AGO,Angola,Green forest fire alert in Angola,"On 21/08/2025, a forest fire started in Angola,  until 27/08/2025.",Wildfire,ha,5165,Joint Research Center of the European Commission,"Thu, 21 Aug 2025 00:00:00 GMT","Wed, 27 Aug 2025 00:00:00 GMT",https://www.gdacs.org/report.aspx?eventtype=WF&eventid=1024770,-10.165050311283888,20.68782471919473,16.6878247191947 24.6878247191947 -14.1650503112839 -6.16505031128389
WF1024771,CAN,Canada,Green forest fire alert in Canada,"On 21/08/2025, a forest fire started in Canada,  until 28/08/2025.",Wildfire,ha,6473,Joint Research Center of the European Commission,"Thu, 21 Aug 2025 00:00:00 GMT","Thu, 28 Aug 2025 00:00:00 GMT",https://www.gdacs.org/report.aspx?eventtype=WF&eventid=1024771,62.28324540783251,-115.74559606579653,-119.745596065797 -111.745596065797 58.2832454078325 66.2832454078325
WF1024723,BRA,Brazil,Green forest fire alert in Brazil,"On 21/08/2025, a forest fire started in Brazil,  until 28/08/2025.",Wildfire,ha,10846,Joint Research Center of the European Commission,"Thu, 21 Aug 2025 00:00:00 GMT","Thu, 28 Aug 2025 00:00:00 GMT",https://www.gdacs.org/report.aspx?eventtype=WF&eventid=1024723,-9.17900048649236,-59.494017172785938,-63.4940171727859 -55.4940171727859 -13.1790004864924 -5.17900048649236
WF1024692,AGO,Angola,Green forest fire alert in Angola,"On 21/08/2025, a forest fire started in Angola,  until 26/08/2025.",Wildfire,ha,12089,Joint Research Center of the European Commission,"Thu, 21 Aug 2025 00:00:00 GMT","Tue, 26 Aug 2025 00:00:00 GMT",https://www.gdacs.org/report.aspx?eventtype=WF&eventid=1024692,-17.28276232491018,20.558960887596374,16.5589608875964 24.5589608875964 -21.2827623249102 -13.2827623249102
WF1024705,AUS,Australia,Green forest fire alert in Australia,"On 21/08/2025, a forest fire started in Australia,  until 26/08/2025.",Wildfire,ha,7012,Joint Research Center of the European Commission,"Thu, 21 Aug 2025 00:00:00 GMT","Tue, 26 Aug 2025 00:00:00 GMT",https://www.gdacs.org/report.aspx?eventtype=WF&eventid=1024705,-16.12077509526808,130.0298778852717,126.029877885272 134.029877885272 -20.1207750952681 -12.1207750952681
WF1024724,ZWE,Zimbabwe,Green forest fire alert in Zimbabwe,"On 21/08/2025, a forest fire started in Zimbabwe,  until 26/08/2025.",Wildfire,ha,6086,Joint Research Center of the European Commission,"Thu, 21 Aug 2025 00:00:00 GMT","Tue, 26 Aug 2025 00:00:00 GMT",https://www.gdacs.org/report.aspx?eventtype=WF&eventid=1024724,-18.26241170106783,32.840842920055366,28.8408429200554 36.8408429200554 -22.2624117010678 -14.2624117010678
WF1024755,MOZ,Mozambique,Green forest fire alert in Mozambique,"On 20/08/2025, a forest fire started in Mozambique,  until 26/08/2025.",Wildfire,ha,7371,Joint Research Center of the European Commission,"Wed, 20 Aug 2025 00:00:00 GMT","Tue, 26 Aug 2025 00:00:00 GMT",https://www.gdacs.org/report.aspx?eventtype=WF&eventid=1024755,-19.80981525068092,33.479779394560381,29.4797793945604 37.4797793945604 -23.8098152506809 -15.8098152506809
WF1024725,AUS,Australia,Green forest fire alert in Australia,"On 20/08/2025, a forest fire started in Australia,  until 28/08/2025.",Wildfire,ha,8975,Joint Research Center of the European Commission,"Wed, 20 Aug 2025 00:00:00 GMT","Thu, 28 Aug 2025 00:00:00 GMT",https://www.gdacs.org/report.aspx?eventtype=WF&eventid=1024725,-14.181872920410649,127.00228585430808,123.002285854308 131.002285854308 -18.1818729204106 -10.1818729204106
WF1024773,MOZ,Mozambique,Green forest fire alert in Mozambique,"On 20/08/2025, a forest fire started in Mozambique,  until 28/08/2025.",Wildfire,ha,16217,Joint Research Center of the European Commission,"Wed, 20 Aug 2025 00:00:00 GMT","Thu, 28 Aug 2025 00:00:00 GMT",https://www.gdacs.org/report.aspx?eventtype=WF&eventid=1024773,-19.772153569814751,33.48709269312107,29.4870926931211 37.4870926931211 -23.7721535698148 -15.7721535698148
WF1024728,ZMB,Zambia,Green forest fire alert in Zambia,"On 20/08/2025, a forest fire started in Zambia,  until 27/08/2025.",Wildfire,ha,5994,Joint Research Center of the European Commission,"Wed, 20 Aug 2025 00:00:00 GMT","Wed, 27 Aug 2025 00:00:00 GMT",https://www.gdacs.org/report.aspx?eventtype=WF&eventid=1024728,-12.113653749330624,29.451485052017041,25.451485052017 33.451485052017 -16.1136537493306 -8.11365374933062
WF1024685,AUS,Australia,Green forest fire alert in Australia,"On 20/08/2025, a forest fire started in Australia,  until 27/08/2025.",Wildfire,ha,15512,Joint Research Center of the European Commission,"Wed, 20 Aug 2025 00:00:00 GMT","Wed, 27 Aug 2025 00:00:00 GMT",https://www.gdacs.org/report.aspx?eventtype=WF&eventid=1024685,-15.42441644004186,129.2429754399632,125.242975439963 133.242975439963 -19.4244164400419 -11.4244164400419
WF1024718,BRA,Brazil,Green forest fire alert in Brazil,"On 20/08/2025, a forest fire started in Brazil,  until 27/08/2025.",Wildfire,ha,8328,Joint Research Center of the European Commission,"Wed, 20 Aug 2025 00:00:00 GMT","Wed, 27 Aug 2025 00:00:00 GMT",https://www.gdacs.org/report.aspx?eventtype=WF&eventid=1024718,-14.375724841533909,-51.986353747111714,-55.9863537471117 -47.9863537471117 -18.3757248415339 -10.3757248415339
WF1024775,AUS,Australia,Green forest fire alert in Australia,"On 20/08/2025, a forest fire started in Australia,  until 29/08/2025.",Wildfire,ha,5353,Joint Research Center of the European Commission,"Wed, 20 Aug 2025 00:00:00 GMT","Fri, 29 Aug 2025 00:00:00 GMT",https://www.gdacs.org/report.aspx?eventtype=WF&eventid=1024775,-15.78671558219024,144.65023900383571,140.650239003836 148.650239003836 -19.7867155821902 -11.7867155821902
WF1024784,ZMB,Zambia,Green forest fire alert in Zambia,"On 20/08/2025, a forest fire started in Zambia,  until 29/08/2025.",Wildfire,ha,9947,Joint Research Center of the European Commission,"Wed, 20 Aug 2025 00:00:00 GMT","Fri, 29 Aug 2025 00:00:00 GMT",https://www.gdacs.org/report.aspx?eventtype=WF&eventid=1024784,-11.041211217275103,28.997741319234809,24.9977413192348 32.9977413192348 -15.0412112172751 -7.0412112172751
WF1024732,ZMB,Zambia,Green forest fire alert in Zambia,"On 20/08/2025, a forest fire started in Zambia,  until 29/08/2025.",Wildfire,ha,7914,Joint Research Center of the European Commission,"Wed, 20 Aug 2025 00:00:00 GMT","Fri, 29 Aug 2025 00:00:00 GMT",https://www.gdacs.org/report.aspx?eventtype=WF&eventid=1024732,-9.44059414174692,29.550461537813021,25.550461537813 33.550461537813 -13.4405941417469 -5.44059414174692
WF1024712,ZMB,Zambia,Green forest fire alert in Zambia,"On 20/08/2025, a forest fire started in Zambia,  until 29/08/2025.",Wildfire,ha,9639,Joint Research Center of the European Commission,"Wed, 20 Aug 2025 00:00:00 GMT","Fri, 29 Aug 2025 00:00:00 GMT",https://www.gdacs.org/report.aspx?eventtype=WF&eventid=1024712,-10.300956593656782,29.538381316250387,25.5383813162504 33.5383813162504 -14.3009565936568 -6.30095659365678
WF1024800,ZMB,Zambia,Green forest fire alert in Zambia,"On 20/08/2025, a forest fire started in Zambia,  until 29/08/2025.",Wildfire,ha,5554,Joint Research Center of the European Commission,"Wed, 20 Aug 2025 00:00:00 GMT","Fri, 29 Aug 2025 00:00:00 GMT",https://www.gdacs.org/report.aspx?eventtype=WF&eventid=1024800,-10.88386624684656,30.724208373001435,26.7242083730014 34.7242083730014 -14.8838662468466 -6.88386624684656
WF1024713,ZMB,Zambia,Green forest fire alert in Zambia,"On 19/08/2025, a forest fire started in Zambia,  until 29/08/2025.",Wildfire,ha,13707,Joint Research Center of the European Commission,"Tue, 19 Aug 2025 00:00:00 GMT","Fri, 29 Aug 2025 00:00:00 GMT",https://www.gdacs.org/report.aspx?eventtype=WF&eventid=1024713,-9.4364089426736548,29.97639852948565,25.9763985294857 33.9763985294857 -13.4364089426737 -5.43640894267365
WF1024719,AUS,Australia,Green forest fire alert in Australia,"On 19/08/2025, a forest fire started in Australia,  until 29/08/2025.",Wildfire,ha,20202,Joint Research Center of the European Commission,"Tue, 19 Aug 2025 00:00:00 GMT","Fri, 29 Aug 2025 00:00:00 GMT",https://www.gdacs.org/report.aspx?eventtype=WF&eventid=1024719,-15.413171821749508,130.95392150291761,126.953921502918 134.953921502918 -19.4131718217495 -11.4131718217495
WF1024683,BRA,Brazil,Green forest fire alert in Brazil,"On 19/08/2025, a forest fire started in Brazil,  until 29/08/2025.",Wildfire,ha,9598,Joint Research Center of the European Commission,"Tue, 19 Aug 2025 00:00:00 GMT","Fri, 29 Aug 2025 00:00:00 GMT",https://www.gdacs.org/report.aspx?eventtype=WF&eventid=1024683,-12.950991365411589,-46.244402491149835,-50.2444024911498 -42.2444024911498 -16.9509913654116 -8.95099136541159
WF1024745,AUS,Australia,Green forest fire alert in Australia,"On 19/08/2025, a forest fire started in Australia,  until 29/08/2025.",Wildfire,ha,8376,Joint Research Center of the European Commission,"Tue, 19 Aug 2025 00:00:00 GMT","Fri, 29 Aug 2025 00:00:00 GMT",https://www.gdacs.org/report.aspx?eventtype=WF&eventid=1024745,-13.711611498547077,132.08959330123523,128.089593301235 136.089593301235 -17.7116114985471 -9.71161149854708
WF1024738,BRA,Brazil,Green forest fire alert in Brazil,"On 19/08/2025, a forest fire started in Brazil,  until 28/08/2025.",Wildfire,ha,5689,Joint Research Center of the European Commission,"Tue, 19 Aug 2025 00:00:00 GMT","Thu, 28 Aug 2025 00:00:00 GMT",https://www.gdacs.org/report.aspx?eventtype=WF&eventid=1024738,-7.6268480189811179,-45.251517912507872,-49.2515179125079 -41.2515179125079 -11.6268480189811 -3.62684801898112
WF1024668,ZMB,Zambia,Green forest fire alert in Zambia,"On 19/08/2025, a forest fire started in Zambia,  until 28/08/2025.",Wildfire,ha,10151,Joint Research Center of the European Commission,"Tue, 19 Aug 2025 00:00:00 GMT","Thu, 28 Aug 2025 00:00:00 GMT",https://www.gdacs.org/report.aspx?eventtype=WF&eventid=1024668,-10.127408479887036,29.155268203894277,25.1552682038943 33.1552682038943 -14.127408479887 -6.12740847988704
WF1024715,ZMB,Zambia,Green forest fire alert in Zambia,"On 19/08/2025, a forest fire started in Zambia,  until 28/08/2025.",Wildfire,ha,6996,Joint Research Center of the European Commission,"Tue, 19 Aug 2025 00:00:00 GMT","Thu, 28 Aug 2025 00:00:00 GMT",https://www.gdacs.org/report.aspx?eventtype=WF&eventid=1024715,-11.572022426908301,29.160872572588378,25.1608725725884 33.1608725725884 -15.5720224269083 -7.5720224269083
WF1024733,AGO,Angola,Green forest fire alert in Angola,"On 19/08/2025, a forest fire started in Angola,  until 26/08/2025.",Wildfire,ha,7089,Joint Research Center of the European Commission,"Tue, 19 Aug 2025 00:00:00 GMT","Tue, 26 Aug 2025 00:00:00 GMT",https://www.gdacs.org/report.aspx?eventtype=WF&eventid=1024733,-9.4460581331629232,19.041572638219009,15.041572638219 23.041572638219 -13.4460581331629 -5.44605813316292
WF1024720,AUS,Australia,Green forest fire alert in Australia,"On 19/08/2025, a forest fire started in Australia,  until 26/08/2025.",Wildfire,ha,7991,Joint Research Center of the European Commission,"Tue, 19 Aug 2025 00:00:00 GMT","Tue, 26 Aug 2025 00:00:00 GMT",https://www.gdacs.org/report.aspx?eventtype=WF&eventid=1024720,-13.818912193375995,131.028120423413,127.028120423413 135.028120423413 -17.818912193376 -9.818912193376
WF1024684,AUS,Australia,Green forest fire alert in Australia,"On 19/08/2025, a forest fire started in Australia,  until 26/08/2025.",Wildfire,ha,7010,Joint Research Center of the European Commission,"Tue, 19 Aug 2025 00:00:00 GMT","Tue, 26 Aug 2025 00:00:00 GMT",https://www.gdacs.org/report.aspx?eventtype=WF&eventid=1024684,-16.052006743921869,128.03567503394879,124.035675033949 132.035675033949 -20.0520067439219 -12.0520067439219
WF1024708,AUS,Australia,Green forest fire alert in Australia,"On 19/08/2025, a forest fire started in Australia,  until 26/08/2025.",Wildfire,ha,14646,Joint Research Center of the European Commission,"Tue, 19 Aug 2025 00:00:00 GMT","Tue, 26 Aug 2025 00:00:00 GMT",https://www.gdacs.org/report.aspx?eventtype=WF&eventid=1024708,-14.446337392412293,126.52850940927964,122.52850940928 130.52850940928 -18.4463373924123 -10.4463373924123
WF1024645,AUS,Australia,Green forest fire alert in Australia,"On 19/08/2025, a forest fire started in Australia,  until 26/08/2025.",Wildfire,ha,42500,Joint Research Center of the European Commission,"Tue, 19 Aug 2025 00:00:00 GMT","Tue, 26 Aug 2025 00:00:00 GMT",https://www.gdacs.org/report.aspx?eventtype=WF&eventid=1024645,-15.92874074578075,130.11353056664734,126.113530566647 134.113530566647 -19.9287407457808 -11.9287407457808
WF1024670,ZMB,Zambia,Green forest fire alert in Zambia,"On 18/08/2025, a forest fire started in Zambia,  until 26/08/2025.",Wildfire,ha,16108,Joint Research Center of the European Commission,"Mon, 18 Aug 2025 00:00:00 GMT","Tue, 26 Aug 2025 00:00:00 GMT",https://www.gdacs.org/report.aspx?eventtype=WF&eventid=1024670,-10.078324606911053,29.633992183137384,25.6339921831374 33.6339921831374 -14.0783246069111 -6.07832460691105
WF1024687,BRA,Brazil,Green forest fire alert in Brazil,"On 18/08/2025, a forest fire started in Brazil,  until 26/08/2025.",Wildfire,ha,6365,Joint Research Center of the European Commission,"Mon, 18 Aug 2025 00:00:00 GMT","Tue, 26 Aug 2025 00:00:00 GMT",https://www.gdacs.org/report.aspx?eventtype=WF&eventid=1024687,-13.016778348154808,-45.199391105384649,-49.1993911053846 -41.1993911053846 -17.0167783481548 -9.01677834815481
WF1024734,BRA,Brazil,Green forest fire alert in Brazil,"On 18/08/2025, a forest fire started in Brazil,  until 28/08/2025.",Wildfire,ha,7714,Joint Research Center of the European Commission,"Mon, 18 Aug 2025 00:00:00 GMT","Thu, 28 Aug 2025 00:00:00 GMT",https://www.gdacs.org/report.aspx?eventtype=WF&eventid=1024734,-8.8849772283181068,-62.43410460150627,-66.4341046015063 -58.4341046015063 -12.8849772283181 -4.88497722831811
WF1024776,CAN,Canada,Green forest fire alert in Canada,"On 18/08/2025, a forest fire started in Canada,  until 28/08/2025.",Wildfire,ha,19351,Joint Research Center of the European Commission,"Mon, 18 Aug 2025 00:00:00 GMT","Thu, 28 Aug 2025 00:00:00 GMT",https://www.gdacs.org/report.aspx?eventtype=WF&eventid=1024776,62.252996175271804,-115.66859709137408,-119.668597091374 -111.668597091374 58.2529961752718 66.2529961752718
WF1024756,ZMB,Zambia,Green forest fire alert in Zambia,"On 18/08/2025, a forest fire started in Zambia,  until 28/08/2025.",Wildfire,ha,7543,Joint Research Center of the European Commission,"Mon, 18 Aug 2025 00:00:00 GMT","Thu, 28 Aug 2025 00:00:00 GMT",https://www.gdacs.org/report.aspx?eventtype=WF&eventid=1024756,-11.65654967912603,28.910164196042246,24.9101641960422 32.9101641960422 -15.656549679126 -7.65654967912603
WF1024654,COD,The Democratic Republic of Congo,Green forest fire alert in The Democratic Republic of Congo,"On 18/08/2025, a forest fire started in The Democratic Republic of Congo,  until 27/08/2025.",Wildfire,ha,12795,Joint Research Center of the European Commission,"Mon, 18 Aug 2025 00:00:00 GMT","Wed, 27 Aug 2025 00:00:00 GMT",https://www.gdacs.org/report.aspx?eventtype=WF&eventid=1024654,-7.5932194670781534,23.195181534853962,19.195181534854 27.195181534854 -11.5932194670782 -3.59321946707815
FL1103454,SDN,Sudan,Green flood alert in Sudan,"On 17/08/2025, a flood started in Sudan, lasting until 26/08/2025 (last update). The flood caused 0 deaths and 1485 displaced .",Flood,,0,Joint Research Center of the European Commission,"Sun, 17 Aug 2025 01:00:00 GMT","Tue, 26 Aug 2025 01:00:00 GMT",https://www.gdacs.org/report.aspx?eventtype=FL&eventid=1103454,10.6891076960147,23.1750971663816,19.1750971663816 27.1750971663816 6.6891076960147 14.6891076960147
WF1024758,BRA,Brazil,Green forest fire alert in Brazil,"On 17/08/2025, a forest fire started in Brazil,  until 26/08/2025.",Wildfire,ha,5660,Joint Research Center of the European Commission,"Sun, 17 Aug 2025 00:00:00 GMT","Tue, 26 Aug 2025 00:00:00 GMT",https://www.gdacs.org/report.aspx?eventtype=WF&eventid=1024758,-6.1094896892601893,-44.394100186645282,-48.3941001866453 -40.3941001866453 -10.1094896892602 -2.10948968926019
WF1024753,BRA,Brazil,Green forest fire alert in Brazil,"On 17/08/2025, a forest fire started in Brazil,  until 27/08/2025.",Wildfire,ha,6452,Joint Research Center of the European Commission,"Sun, 17 Aug 2025 00:00:00 GMT","Wed, 27 Aug 2025 00:00:00 GMT",https://www.gdacs.org/report.aspx?eventtype=WF&eventid=1024753,-8.594086110984307,-62.628213139722725,-66.6282131397227 -58.6282131397227 -12.5940861109843 -4.59408611098431
FL1103434,IND,India,Green flood alert in India,"On 16/08/2025, a flood started in India, lasting until 29/08/2025 (last update). The flood caused 42 deaths and 2550 displaced .",Flood,,0,Joint Research Center of the European Commission,"Sat, 16 Aug 2025 01:00:00 GMT","Fri, 29 Aug 2025 01:00:00 GMT",https://www.gdacs.org/report.aspx?eventtype=FL&eventid=1103434,32.518429,76.2308656566174,72.2308656566174 80.2308656566174 28.518429 36.518429
FL1103445,CHN,China,Green flood alert in China,"On 16/08/2025, a flood started in China, lasting until 30/08/2025 (last update). The flood caused 21 deaths and 58 displaced .",Flood,,0,Joint Research Center of the European Commission,"Sat, 16 Aug 2025 01:00:00 GMT","Sat, 30 Aug 2025 01:00:00 GMT",https://www.gdacs.org/report.aspx?eventtype=FL&eventid=1103445,40.7345111,120.8870312,116.8870312 124.8870312 36.7345111 44.7345111
WF1024746,BRA,Brazil,Green forest fire alert in Brazil,"On 16/08/2025, a forest fire started in Brazil,  until 26/08/2025.",Wildfire,ha,6475,Joint Research Center of the European Commission,"Sat, 16 Aug 2025 00:00:00 GMT","Tue, 26 Aug 2025 00:00:00 GMT",https://www.gdacs.org/report.aspx?eventtype=WF&eventid=1024746,-13.469499352530454,-47.03522508750779,-51.0352250875078 -43.0352250875078 -17.4694993525305 -9.46949935253045
WF1024673,ZMB,Zambia,Green forest fire alert in Zambia,"On 16/08/2025, a forest fire started in Zambia,  until 26/08/2025.",Wildfire,ha,23946,Joint Research Center of the European Commission,"Sat, 16 Aug 2025 00:00:00 GMT","Tue, 26 Aug 2025 00:00:00 GMT",https://www.gdacs.org/report.aspx?eventtype=WF&eventid=1024673,-10.956667045037888,28.96497382488802,24.964973824888 32.964973824888 -14.9566670450379 -6.95666704503789
WF1024619,AUS,Australia,Green forest fire alert in Australia,"On 16/08/2025, a forest fire started in Australia,  until 26/08/2025.",Wildfire,ha,27369,Joint Research Center of the European Commission,"Sat, 16 Aug 2025 00:00:00 GMT","Tue, 26 Aug 2025 00:00:00 GMT",https://www.gdacs.org/report.aspx?eventtype=WF&eventid=1024619,-13.995850693824508,131.77092171754416,127.770921717544 135.770921717544 -17.9958506938245 -9.99585069382451
WF1024627,AUS,Australia,Green forest fire alert in Australia,"On 16/08/2025, a forest fire started in Australia,  until 26/08/2025.",Wildfire,ha,115410,Joint Research Center of the European Commission,"Sat, 16 Aug 2025 00:00:00 GMT","Tue, 26 Aug 2025 00:00:00 GMT",https://www.gdacs.org/report.aspx?eventtype=WF&eventid=1024627,-16.258939802055743,130.34402212473313,126.344022124733 134.344022124733 -20.2589398020557 -12.2589398020557
WF1024716,ZMB,Zambia,Green forest fire alert in Zambia,"On 16/08/2025, a forest fire started in Zambia,  until 26/08/2025.",Wildfire,ha,8332,Joint Research Center of the European Commission,"Sat, 16 Aug 2025 00:00:00 GMT","Tue, 26 Aug 2025 00:00:00 GMT",https://www.gdacs.org/report.aspx?eventtype=WF&eventid=1024716,-9.9053277945188274,29.665939853899168,25.6659398538992 33.6659398538992 -13.9053277945188 -5.90532779451883
FL1103451,THA,Thailand,Green flood alert in Thailand,"On 15/08/2025, a flood started in Thailand, lasting until 28/08/2025 (last update). The flood caused 4 deaths and 0 displaced .",Flood,,0,Joint Research Center of the European Commission,"Fri, 15 Aug 2025 01:00:00 GMT","Thu, 28 Aug 2025 01:00:00 GMT",https://www.gdacs.org/report.aspx?eventtype=FL&eventid=1103451,18.4986372,98.3633669,94.3633669 102.3633669 14.4986372 22.4986372
FL1103435,PAK,Pakistan,Orange flood alert in Pakistan,"On 14/08/2025, a flood started in Pakistan, lasting until 26/08/2025 (last update). The flood caused 672 deaths and 97802 displaced .",Flood,,0,Joint Research Center of the European Commission,"Thu, 14 Aug 2025 01:00:00 GMT","Tue, 26 Aug 2025 01:00:00 GMT",https://www.gdacs.org/report.aspx?eventtype=FL&eventid=1103435,31,72,68 76 27 35
FL1103439,BRA,Brazil,Green flood alert in Brazil,"On 14/08/2025, a flood started in Brazil, lasting until 26/08/2025 (last update). The flood caused 0 deaths and 1222 displaced .",Flood,,0,Joint Research Center of the European Commission,"Thu, 14 Aug 2025 01:00:00 GMT","Tue, 26 Aug 2025 13:00:00 GMT",https://www.gdacs.org/report.aspx?eventtype=FL&eventid=1103439,-31.3669286,-51.9814839,-55.9814839 -47.9814839 -35.3669286 -27.3669286
FL1103433,PHL,Philippines,Green flood alert in Philippines,"On 11/08/2025, a flood started in Philippines, lasting until 27/08/2025 (last update). The flood caused 4 deaths and 10306 displaced .",Flood,,0,Joint Research Center of the European Commission,"Mon, 11 Aug 2025 01:00:00 GMT","Wed, 27 Aug 2025 01:00:00 GMT",https://www.gdacs.org/report.aspx?eventtype=FL&eventid=1103433,6.6191395,124.748923,120.748923 128.748923 2.6191395 10.6191395
FL1103366,USA,United States,Green flood alert in United States,"On 03/07/2025, a flood started in United States, lasting until 29/08/2025 (last update). The flood caused 93 deaths and 466 displaced .",Flood,,0,Joint Research Center of the European Commission,"Thu, 03 Jul 2025 01:00:00 GMT","Fri, 29 Aug 2025 01:00:00 GMT",https://www.gdacs.org/report.aspx?eventtype=FL&eventid=1103366,35.972232,-104.9132218,-108.9132218 -100.9132218 31.972232 39.972232
DR1017944,COD,"Democratic Republic of Congo, Central African Republic, Eritrea, Ethiopia, Sudan, South Sudan","Drought is on going in Democratic Republic of Congo, Central African Republic, Eritrea, Ethiopia, Sudan, South Sudan",The  Drought alert level is Green.,Drought,km2,376719,Joint Research Center of the European Commission,"Sat, 21 Jun 2025 00:00:00 GMT","Wed, 27 Aug 2025 00:00:00 GMT",https://www.gdacs.org/report.aspx?eventtype=DR&eventid=1017944,8.552,30.568,26.568 34.568 4.552 12.552
DR1017933,USA,United States,Drought is on going in United States,The  Drought alert level is Green.,Drought,km2,34128,Joint Research Center of the European Commission,"Wed, 21 May 2025 00:00:00 GMT","Wed, 27 Aug 2025 00:00:00 GMT",https://www.gdacs.org/report.aspx?eventtype=DR&eventid=1017933,46.494,-117.268,-121.268 -113.268 42.494 50.494
DR1017922,CHN,"China, Mongolia, Russia","Drought is on going in China, Mongolia, Russia",The  Drought alert level is Green.,Drought,km2,139842,Joint Research Center of the European Commission,"Wed, 21 May 2025 00:00:00 GMT","Wed, 27 Aug 2025 00:00:00 GMT",https://www.gdacs.org/report.aspx?eventtype=DR&eventid=1017922,48.44,91.491,87.491 95.491 44.44 52.44
DR1016679,BGR,"Bulgaria, Türkiye","Drought is on going in Bulgaria, Türkiye",The  Drought alert level is Green.,Drought,km2,128367,Joint Research Center of the European Commission,"Wed, 21 May 2025 00:00:00 GMT","Wed, 27 Aug 2025 00:00:00 GMT",https://www.gdacs.org/report.aspx?eventtype=DR&eventid=1016679,40.461,31.744,27.744 35.744 36.461 44.461
DR1017863,ETH,"Ethiopia, Somalia","Drought is on going in Ethiopia, Somalia",The  Drought alert level is Orange.,Drought,km2,104433,Joint Research Center of the European Commission,"Mon, 21 Apr 2025 00:00:00 GMT","Wed, 27 Aug 2025 00:00:00 GMT",https://www.gdacs.org/report.aspx?eventtype=DR&eventid=1017863,10.5,40.5,36.5 44.5 6.5 14.5
DR1017904,BHS,"The Bahamas, Belize, Cuba, Guatemala, Mexico","Drought is on going in The Bahamas, Belize, Cuba, Guatemala, Mexico",The  Drought alert level is Green.,Drought,km2,184264,Joint Research Center of the European Commission,"Fri, 21 Mar 2025 00:00:00 GMT","Wed, 27 Aug 2025 00:00:00 GMT",https://www.gdacs.org/report.aspx?eventtype=DR&eventid=1017904,18.196,-90.816,-94.816 -86.816 14.196 22.196
DR1018001,CAN,Canada,Drought is on going in Canada,The  Drought alert level is Green.,Drought,km2,157423,Joint Research Center of the European Commission,"Fri, 21 Feb 2025 00:00:00 GMT","Wed, 27 Aug 2025 00:00:00 GMT",https://www.gdacs.org/report.aspx?eventtype=DR&eventid=1018001,54.174,-109.722,-113.722 -105.722 50.174 58.174
DR1016963,MEX,"Mexico, United States","Drought is on going in Mexico, United States",The  Drought alert level is Orange.,Drought,km2,187388,Joint Research Center of the European Commission,"Fri, 21 Feb 2025 00:00:00 GMT","Wed, 27 Aug 2025 00:00:00 GMT",https://www.gdacs.org/report.aspx?eventtype=DR&eventid=1016963,32.043,-110.397,-114.397 -106.397 28.043 36.043
DR1017869,AUS,Australia,Drought is on going in Australia,The  Drought alert level is Green.,Drought,km2,68266,Joint Research Center of the European Commission,"Tue, 21 Jan 2025 00:00:00 GMT","Wed, 27 Aug 2025 00:00:00 GMT",https://www.gdacs.org/report.aspx?eventtype=DR&eventid=1017869,-33.979,138.654,134.654 142.654 -37.979 -29.979
DR1017644,BGD,"Bangladesh, Bhutan, China, India, Nepal","Drought is on going in Bangladesh, Bhutan, China, India, Nepal",The  Drought alert level is Green.,Drought,km2,197265,Joint Research Center of the European Commission,"Tue, 21 Jan 2025 00:00:00 GMT","Wed, 27 Aug 2025 00:00:00 GMT",https://www.gdacs.org/report.aspx?eventtype=DR&eventid=1017644,27.412,88.153,84.153 92.153 23.412 31.412
DR1016686,DZA,"Algeria, Morocco","Drought is on going in Algeria, Morocco",The  Drought alert level is Green.,Drought,km2,10188,Joint Research Center of the European Commission,"Thu, 21 Nov 2024 00:00:00 GMT","Wed, 27 Aug 2025 00:00:00 GMT",https://www.gdacs.org/report.aspx?eventtype=DR&eventid=1016686,34.5,-2.5,-6.5 1.5 30.5 38.5
DR1016401,ALB,"Albania, Austria, Bosnia & Herzegovina, Belgium, Bulgaria, Czech Republic, Germany, France, Croatia, Hungary, Montenegro, The Republic of North Macedonia, Netherlands, Poland, Romania, Serbia, Slovenia, Slovakia, Ukraine,","Drought is on going in Albania, Austria, Bosnia & Herzegovina, Belgium, Bulgaria, Czech Republic, Germany, France, Croatia, Hungary, Montenegro, The Republic of North Macedonia, Netherlands, Poland, Romania, Serbia, Slovenia, Slovakia, Ukraine,",The  Drought alert level is Green.,Drought,km2,714077,Joint Research Center of the European Commission,"Mon, 21 Oct 2024 00:00:00 GMT","Wed, 27 Aug 2025 00:00:00 GMT",https://www.gdacs.org/report.aspx?eventtype=DR&eventid=1016401,47.403,15.108,11.108 19.108 43.403 51.403
DR1017535,AFG,"Afghanistan, Armenia, Azerbaijan, Iraq, Islamic Republic of Iran, Kyrgyzstan, Kazakhstan, Lebanon, Pakistan, Syria, Tajikistan, Turkmenistan, Türkiye, Uzbekistan","Drought is on going in Afghanistan, Armenia, Azerbaijan, Iraq, Islamic Republic of Iran, Kyrgyzstan, Kazakhstan, Lebanon, Pakistan, Syria, Tajikistan, Turkmenistan, Türkiye, Uzbekistan",The  Drought alert level is Orange.,Drought,km2,1099121,Joint Research Center of the European Commission,"Mon, 21 Oct 2024 00:00:00 GMT","Wed, 27 Aug 2025 00:00:00 GMT",https://www.gdacs.org/report.aspx?eventtype=DR&eventid=1017535,38.524,62.373,58.373 66.373 34.524 42.524
DR1017173,CHN,China,Drought is on going in China,The  Drought alert level is Green.,Drought,km2,419457,Joint Research Center of the European Commission,"Tue, 21 May 2024 00:00:00 GMT","Wed, 27 Aug 2025 00:00:00 GMT",https://www.gdacs.org/report.aspx?eventtype=DR&eventid=1017173,33.462,111.666,107.666 115.666 29.462 37.462
DR1017051,MDA,"Moldova, Russia, Ukraine","Drought is on going in Moldova, Russia, Ukraine",The  Drought alert level is Orange.,Drought,km2,230163,Joint Research Center of the European Commission,"Thu, 21 Mar 2024 00:00:00 GMT","Wed, 27 Aug 2025 00:00:00 GMT",https://www.gdacs.org/report.aspx?eventtype=DR&eventid=1017051,47.428,34.977,30.977 38.977 43.428 51.428
DR1016995,BFA,"Burkina Faso, Benin, Cote d'Ivoire, Ghana, Nigeria, Togo","Drought is on going in Burkina Faso, Benin, Cote d'Ivoire, Ghana, Nigeria, Togo",The  Drought alert level is Green.,Drought,km2,291792,Joint Research Center of the European Commission,"Wed, 21 Feb 2024 00:00:00 GMT","Wed, 27 Aug 2025 00:00:00 GMT",https://www.gdacs.org/report.aspx?eventtype=DR&eventid=1016995,8.577,6.348,2.348 10.348 4.577 12.577
DR1016833,MDG,Madagascar,Drought is on going in Madagascar,The  Drought alert level is Green.,Drought,km2,55970,Joint Research Center of the European Commission,"Sat, 21 Oct 2023 00:00:00 GMT","Wed, 27 Aug 2025 00:00:00 GMT",https://www.gdacs.org/report.aspx?eventtype=DR&eventid=1016833,-15.217,48.984,44.984 52.984 -19.217 -11.217
DR1016449,BOL,"Bolivia, Brazil","Drought is on going in Bolivia, Brazil",The  Drought alert level is Orange.,Drought,km2,566807,Joint Research Center of the European Commission,"Wed, 21 Sep 2022 00:00:00 GMT","Wed, 27 Aug 2025 00:00:00 GMT",https://www.gdacs.org/report.aspx?eventtype=DR&eventid=1016449,-8.016,-50.837,-54.837 -46.837 -12.016 -4.016
